cliente_id,nome_cliente,gasto_mensal,data_adesao,plano_id
1,Paula Silva,4671.03,2024-08-29,1
2,Gabriela Pereira,3177.3,2024-12-22,1
3,Lucas Souza,2759.41,2024-01-22,1
4,Maria Almeida,2749.62,2024-09-13,1
5,Carlos Oliveira,1553.34,2024-10-11,2
6,Ana Pereira,868.45,2024-10-19,2
7,Gabriela Souza,107.5,2024-12-20,2
8,Carlos Ferreira,2034.94,2024-01-13,2
9,Carlos Silva,3323.92,2024-03-13,2
10,João Souza,1216.82,2024-02-03,2
11,Luiz Gomes,4054.2,2024-05-09,2
12,Fernanda Oliveira,4591.42,2024-10-03,1
13,Ana Almeida,2261.74,2024-03-27,3
14,José Santos,2239.75,2024-11-04,1
15,Gabriela Almeida,419.37,2024-01-04,1
16,Lucas Santos,3088.12,2024-07-16,3
17,Fernanda Santos,4771.86,2024-08-07,3
18,Luiz Oliveira,681.87,2024-08-31,3
19,Gabriela Ribeiro,2818.09,2024-10-31,1
20,Paula Gomes,1111.98,2024-11-07,1
21,Fernanda Souza,2891.59,2024-03-07,1
22,Gabriela Santos,1388.92,2024-10-16,2
23,Carlos Santos,180.07,2024-11-07,1
24,Gabriela Gomes,4997.24,2024-05-29,2
25,Paula Santos,143.81,2024-11-10,3
26,Lucas Souza,4314.59,2024-07-09,1
27,Fernanda Souza,3593.84,2024-07-09,2
28,Carlos Santos,428.48,2024-03-28,1
29,João Pereira,4035.86,2024-03-21,2
30,José Pereira,1830.36,2024-03-06,2
31,Carlos Souza,554.53,2024-03-23,2
32,Gabriela Almeida,4991.26,2024-11-06,2
33,José Almeida,3790.24,2024-10-21,3
34,João Silva,4827.98,2024-08-09,1
35,Carlos Ribeiro,3343.1,2024-08-10,1
36,Carlos Souza,3845.75,2024-06-03,1
37,Carlos Ferreira,3331.53,2024-12-22,3
38,Luiz Ferreira,3801.28,2024-01-22,1
39,Fernanda Almeida,2051.61,2024-09-19,1
40,Gabriela Silva,329.72,2024-08-24,2
41,Maria Ferreira,1634.6,2024-06-21,1
42,José Oliveira,3289.91,2024-11-03,2
43,João Gomes,363.73,2024-05-04,1
44,Gabriela Almeida,4603.17,2024-11-04,2
45,Lucas Almeida,4006.34,2024-07-24,3
46,José Ribeiro,4962.29,2024-09-12,2
47,Carlos Souza,1571.64,2024-12-16,2
48,Ana Oliveira,1122.64,2024-10-02,3
49,Luiz Silva,4719.74,2024-06-04,3
50,José Pereira,3281.87,2024-08-28,1
51,Maria Pereira,1982.91,2024-02-09,3
52,José Souza,2320.5,2024-11-18,3
53,Luiz Santos,4722.13,2024-03-10,1
54,Paula Almeida,134.84,2024-03-01,2
55,João Santos,2830.81,2024-07-17,1
56,Gabriela Costa,4993.01,2024-07-29,3
57,João Costa,1742.99,2024-02-17,3
58,Luiz Santos,183.12,2024-11-01,3
59,João Pereira,4874.0,2024-04-20,3
60,Maria Almeida,133.35,2024-09-22,2
61,Fernanda Ferreira,2299.93,2024-06-10,2
62,Lucas Oliveira,4594.91,2024-06-30,3
63,Lucas Oliveira,943.59,2024-12-16,2
64,Paula Pereira,3763.19,2024-05-22,2
65,João Pereira,4568.44,2024-12-06,1
66,Ana Souza,3399.29,2024-02-28,3
67,Gabriela Ferreira,4880.65,2024-03-10,1
68,Carlos Ribeiro,4280.72,2024-04-30,2
69,Ana Pereira,1646.2,2024-07-03,2
70,Ana Costa,884.57,2024-10-30,3
71,José Pereira,4494.68,2024-07-18,1
72,Paula Oliveira,3300.28,2024-06-17,3
73,Maria Pereira,2813.22,2024-09-23,3
74,José Santos,4292.73,2024-11-22,1
75,Gabriela Gomes,4540.0,2024-07-01,3
76,José Costa,949.31,2024-09-11,2
77,Ana Ferreira,2496.98,2024-04-23,2
78,Carlos Souza,4780.75,2024-06-04,1
79,João Silva,873.3,2024-10-21,2
80,Gabriela Ribeiro,4026.41,2024-01-10,3
81,Fernanda Costa,4485.51,2024-06-29,1
82,Carlos Ferreira,539.3,2024-05-15,3
83,Maria Silva,4009.36,2024-10-17,3
84,Fernanda Ferreira,1309.98,2024-10-07,3
85,Luiz Gomes,4565.23,2024-10-20,1
86,Maria Santos,2423.54,2024-01-07,1
87,Gabriela Ribeiro,135.25,2024-09-15,1
88,Gabriela Silva,3474.64,2024-12-26,3
89,João Santos,3749.96,2024-06-28,2
90,João Gomes,4782.66,2024-02-04,1
91,Ana Silva,1944.56,2024-05-04,3
92,Fernanda Ferreira,2358.76,2024-12-17,2
93,Ana Ribeiro,4535.58,2024-06-11,2
94,Luiz Silva,4366.54,2024-11-18,1
95,Gabriela Costa,1296.67,2024-04-25,3
96,Paula Ferreira,335.2,2024-09-14,3
97,Gabriela Almeida,4983.08,2024-10-25,2
98,Maria Santos,2123.73,2024-12-12,3
99,João Pereira,646.17,2024-04-04,3
100,Maria Ferreira,4426.78,2024-05-02,2
101,João Gomes,4269.71,2024-02-22,1
102,Ana Souza,999.3,2024-10-15,1
103,Fernanda Gomes,1733.28,2024-01-12,3
104,Carlos Souza,2038.17,2024-03-03,2
105,Ana Silva,2007.78,2024-01-09,2
106,Ana Costa,4734.74,2024-06-14,3
107,Lucas Pereira,2439.64,2024-08-27,1
108,Lucas Gomes,1945.44,2024-11-05,3
109,Ana Costa,1516.66,2024-07-05,1
110,Luiz Oliveira,4520.98,2024-08-11,2
111,Gabriela Oliveira,2272.31,2024-09-12,1
112,Fernanda Almeida,3199.62,2024-04-20,2
113,Paula Almeida,3589.85,2024-11-12,2
114,Luiz Ferreira,3001.64,2024-09-13,1
115,Ana Costa,1756.17,2024-02-16,3
116,Luiz Souza,4632.95,2024-11-19,1
117,José Silva,1317.24,2024-06-21,1
118,Carlos Oliveira,1443.27,2024-01-20,1
119,Fernanda Costa,1605.27,2024-06-18,1
120,Lucas Ferreira,4491.81,2024-04-24,1
121,Carlos Costa,262.5,2024-07-13,1
122,João Gomes,4975.59,2024-04-13,2
123,Fernanda Costa,1179.1,2024-12-08,3
124,Maria Almeida,4416.03,2024-01-05,3
125,Ana Ribeiro,4288.86,2024-05-30,1
126,Carlos Silva,2490.39,2024-12-20,3
127,Paula Souza,3133.55,2024-12-27,1
128,João Ferreira,2838.24,2024-01-16,3
129,Luiz Gomes,704.83,2024-11-08,1
130,José Costa,609.44,2024-02-14,1
131,Lucas Pereira,3210.49,2024-03-07,1
132,Carlos Ribeiro,2141.41,2024-02-21,1
133,Luiz Oliveira,1021.74,2024-11-28,1
134,Fernanda Costa,2920.6,2024-07-02,2
135,Paula Ribeiro,3897.32,2024-07-12,3
136,José Ferreira,3134.32,2024-02-27,1
137,Fernanda Costa,1290.3,2024-01-17,2
138,Fernanda Souza,4129.31,2024-08-21,2
139,Paula Oliveira,2469.85,2024-11-05,2
140,Paula Almeida,4250.43,2024-12-16,1
141,Lucas Ferreira,1357.19,2024-08-03,2
142,Lucas Ribeiro,207.13,2024-10-24,1
143,Paula Gomes,4979.69,2024-02-28,1
144,Gabriela Almeida,3686.04,2024-12-06,2
145,Fernanda Santos,2903.52,2024-03-21,1
146,José Gomes,2570.2,2024-12-16,3
147,Luiz Ribeiro,3749.33,2024-07-16,2
148,Gabriela Costa,3070.83,2024-10-22,1
149,Carlos Silva,1048.1,2024-07-22,1
150,Lucas Gomes,1440.7,2024-01-29,3
151,Gabriela Ribeiro,2795.72,2024-06-13,2
152,José Gomes,4688.01,2024-10-11,1
153,Luiz Santos,3227.37,2024-10-07,2
154,Paula Silva,724.14,2024-07-27,2
155,Lucas Ribeiro,886.09,2024-07-30,3
156,Ana Ferreira,4267.93,2024-11-14,2
157,João Gomes,1926.86,2024-04-10,1
158,Paula Almeida,2675.85,2024-03-20,1
159,Lucas Costa,1546.01,2024-03-06,2
160,Carlos Ferreira,3246.84,2024-05-30,3
161,Luiz Ribeiro,2823.51,2024-08-23,3
162,Luiz Santos,2585.69,2024-06-12,3
163,Carlos Costa,1541.22,2024-06-28,3
164,Carlos Costa,2950.05,2024-11-28,2
165,José Oliveira,3343.0,2024-06-29,3
166,Maria Santos,297.04,2024-12-04,2
167,Maria Gomes,2840.47,2024-08-15,1
168,Luiz Costa,1132.49,2024-02-22,3
169,Paula Oliveira,3644.63,2024-01-07,3
170,João Oliveira,900.21,2024-04-09,1
171,Ana Gomes,3672.34,2024-06-12,1
172,Fernanda Ribeiro,1305.36,2024-09-11,3
173,Maria Santos,1110.9,2024-12-16,3
174,Ana Gomes,486.02,2024-08-18,2
175,Maria Gomes,4464.49,2024-03-06,1
176,José Ribeiro,2720.48,2024-11-18,3
177,João Pereira,1078.94,2024-11-08,3
178,Lucas Pereira,1530.71,2024-09-03,2
179,Gabriela Pereira,492.92,2024-08-05,2
180,Carlos Costa,2174.38,2024-03-10,1
181,João Pereira,137.59,2024-03-27,1
182,Carlos Ribeiro,4573.64,2024-04-19,2
183,Ana Oliveira,1767.48,2024-03-25,1
184,Ana Souza,4507.17,2024-10-10,2
185,Ana Pereira,3604.37,2024-12-06,1
186,João Costa,2478.95,2024-12-31,2
187,Luiz Gomes,328.12,2024-07-13,2
188,Carlos Ferreira,2901.69,2024-03-20,3
189,Fernanda Ribeiro,791.65,2024-03-06,3
190,Luiz Pereira,3724.44,2024-04-22,1
191,Fernanda Costa,4585.3,2024-03-04,2
192,Fernanda Silva,4011.93,2024-05-06,2
193,Paula Almeida,895.68,2024-01-06,3
194,Carlos Gomes,894.11,2024-07-30,1
195,Paula Gomes,4839.59,2024-10-15,2
196,Lucas Costa,3276.82,2024-09-08,2
197,João Santos,265.26,2024-07-18,2
198,João Silva,1744.5,2024-07-10,2
199,João Silva,2323.41,2024-06-27,3
200,Maria Souza,1685.51,2024-08-19,1
201,Carlos Santos,827.65,2024-09-12,3
202,Paula Gomes,774.01,2024-04-01,3
203,Fernanda Pereira,2480.04,2024-09-01,1
204,José Costa,1923.94,2024-06-30,1
205,Lucas Gomes,845.8,2024-01-03,3
206,Maria Silva,4345.27,2024-01-08,2
207,Fernanda Santos,4888.12,2024-05-15,3
208,Carlos Pereira,1792.16,2024-11-08,2
209,Gabriela Silva,1409.98,2024-01-16,3
210,Fernanda Ferreira,4824.47,2024-06-30,2
211,Lucas Pereira,918.05,2024-09-11,3
212,Gabriela Silva,2011.73,2024-08-12,3
213,Paula Silva,1752.41,2024-11-17,2
214,Luiz Gomes,3749.6,2024-07-28,1
215,Fernanda Silva,1961.41,2024-08-01,1
216,Paula Gomes,1682.68,2024-08-28,1
217,José Santos,2710.28,2024-01-26,2
218,Paula Santos,2215.0,2024-08-02,1
219,Paula Pereira,258.32,2024-04-08,3
220,Ana Santos,2327.55,2024-01-21,3
221,Paula Santos,3512.95,2024-12-23,1
222,Gabriela Santos,4650.25,2024-01-30,1
223,Luiz Pereira,4854.18,2024-08-29,2
224,José Souza,2759.07,2024-07-28,3
225,José Souza,3792.02,2024-08-29,2
226,Luiz Ribeiro,4615.93,2024-03-17,1
227,João Silva,3378.51,2024-11-11,1
228,Gabriela Santos,4633.05,2024-04-12,1
229,Maria Gomes,986.12,2024-02-03,3
230,Ana Ferreira,2131.27,2024-01-09,1
231,João Pereira,4646.23,2024-08-28,1
232,Gabriela Costa,2469.06,2024-01-19,2
233,Luiz Pereira,1895.51,2024-11-16,2
234,José Costa,2737.45,2024-09-26,3
235,Ana Pereira,1622.46,2024-01-30,3
236,Fernanda Pereira,839.37,2024-07-16,1
237,Carlos Silva,1150.43,2024-10-24,2
238,Fernanda Costa,193.62,2024-04-07,3
239,Gabriela Pereira,2347.45,2024-02-16,3
240,Fernanda Souza,3649.33,2024-04-06,1
241,Lucas Ribeiro,2186.3,2024-01-20,2
242,Lucas Ribeiro,4411.19,2024-01-26,3
243,Ana Souza,1399.97,2024-08-25,1
244,José Ribeiro,3765.14,2024-05-16,2
245,Fernanda Gomes,3457.86,2024-10-31,2
246,Paula Oliveira,2049.9,2024-08-14,1
247,Luiz Oliveira,2783.97,2024-04-13,2
248,José Gomes,414.91,2024-02-18,2
249,Carlos Santos,481.85,2024-04-03,3
250,Gabriela Santos,1000.95,2024-06-03,2
251,Maria Santos,2664.4,2024-05-03,2
252,Lucas Ferreira,1597.17,2024-07-14,1
253,Paula Souza,4936.72,2024-05-31,3
254,Lucas Silva,2923.1,2024-02-21,3
255,Fernanda Pereira,4662.45,2024-08-07,3
256,Maria Souza,4907.44,2024-01-13,1
257,Carlos Silva,1394.71,2024-08-17,1
258,Ana Costa,4687.59,2024-02-15,3
259,Carlos Oliveira,2493.32,2024-12-28,3
260,João Souza,4444.77,2024-07-22,2
261,João Silva,189.11,2024-05-25,3
262,José Pereira,2881.45,2024-06-26,3
263,José Souza,3528.77,2024-03-31,2
264,Paula Oliveira,1144.22,2024-02-22,3
265,João Ferreira,1085.07,2024-05-30,2
266,Maria Silva,1862.89,2024-08-18,1
267,Fernanda Souza,2633.01,2024-03-17,1
268,José Almeida,536.77,2024-01-20,1
269,João Costa,3166.31,2024-01-18,1
270,Fernanda Santos,1573.15,2024-03-19,1
271,José Almeida,1461.05,2024-02-09,3
272,Ana Pereira,1424.82,2024-07-31,1
273,Lucas Silva,1789.24,2024-06-30,1
274,Luiz Costa,933.27,2024-11-04,3
275,João Oliveira,1906.38,2024-09-29,1
276,Luiz Souza,3722.25,2024-10-12,2
277,João Gomes,2024.05,2024-10-12,1
278,Fernanda Ribeiro,2000.88,2024-05-08,2
279,Luiz Almeida,3852.41,2024-09-23,3
280,Maria Silva,4986.37,2024-05-04,2
281,Fernanda Almeida,4422.4,2024-11-16,1
282,Fernanda Almeida,3725.27,2024-10-17,1
283,Carlos Gomes,4742.86,2024-07-30,2
284,Ana Pereira,4970.75,2024-06-07,1
285,João Costa,3299.35,2024-02-15,2
286,João Almeida,2390.57,2024-06-13,2
287,José Ribeiro,3697.27,2024-04-15,2
288,José Costa,2610.9,2024-03-17,2
289,Carlos Pereira,3311.37,2024-06-10,1
290,Ana Ferreira,1401.79,2024-02-17,3
291,João Ferreira,3355.33,2024-07-16,1
292,Fernanda Pereira,3603.77,2024-10-12,1
293,Luiz Costa,1082.43,2024-12-14,1
294,Fernanda Costa,4885.59,2024-10-05,2
295,Gabriela Almeida,1306.97,2024-11-25,2
296,José Oliveira,3777.04,2024-12-08,1
297,Ana Souza,4377.21,2024-03-02,2
298,José Gomes,131.39,2024-07-14,1
299,Gabriela Santos,2897.69,2024-12-09,3
300,José Santos,3056.28,2024-10-23,1
301,Ana Costa,4771.2,2024-03-21,2
302,Gabriela Almeida,2691.52,2024-11-27,3
303,Carlos Ribeiro,1465.56,2024-06-10,3
304,Fernanda Santos,724.7,2024-02-26,1
305,Carlos Gomes,4045.46,2024-03-30,1
306,Lucas Gomes,4134.08,2024-03-16,1
307,Ana Gomes,4836.05,2024-10-15,1
308,Fernanda Ribeiro,2874.76,2024-08-07,2
309,Lucas Pereira,1048.09,2024-09-15,3
310,José Gomes,2190.76,2024-11-16,1
311,Maria Ribeiro,2783.57,2024-01-13,3
312,Paula Souza,4386.14,2024-02-25,3
313,Luiz Oliveira,4298.4,2024-07-14,3
314,Luiz Almeida,238.68,2024-05-06,2
315,José Ferreira,1029.15,2024-02-13,2
316,Carlos Ferreira,2889.43,2024-12-11,3
317,José Pereira,1709.22,2024-08-21,1
318,Paula Gomes,2424.31,2024-09-15,2
319,Maria Silva,3995.85,2024-06-19,2
320,Carlos Santos,3084.5,2024-10-02,2
321,Luiz Silva,3033.17,2024-12-14,2
322,Maria Silva,1587.41,2024-11-22,1
323,Ana Silva,1276.57,2024-04-04,2
324,Fernanda Ribeiro,4274.73,2024-05-23,2
325,Fernanda Ferreira,354.5,2024-08-03,2
326,João Costa,3081.78,2024-09-14,1
327,Ana Costa,1353.04,2024-11-30,3
328,Carlos Gomes,4429.77,2024-07-31,1
329,Fernanda Oliveira,3675.89,2024-02-16,3
330,Ana Oliveira,2814.47,2024-08-17,3
331,Luiz Pereira,3776.57,2024-09-29,3
332,Ana Almeida,1727.48,2024-02-12,1
333,Paula Souza,332.74,2024-07-03,2
334,Paula Santos,2478.39,2024-01-14,2
335,Maria Ribeiro,335.64,2024-04-18,1
336,Carlos Costa,3605.67,2024-07-23,3
337,Lucas Gomes,1881.84,2024-01-30,1
338,Carlos Oliveira,3695.62,2024-08-15,2
339,José Souza,4464.04,2024-04-06,3
340,Carlos Ribeiro,2534.0,2024-03-06,3
341,Maria Costa,2083.01,2024-08-06,2
342,José Costa,953.37,2024-12-26,2
343,Ana Costa,1093.52,2024-07-30,3
344,Lucas Silva,1314.44,2024-12-25,1
345,Maria Oliveira,3676.1,2024-04-19,2
346,Ana Gomes,3082.35,2024-04-30,3
347,Gabriela Silva,2753.57,2024-06-29,2
348,Maria Almeida,3882.75,2024-11-11,3
349,Carlos Costa,4953.34,2024-04-30,2
350,Carlos Oliveira,4835.62,2024-08-13,2
351,José Ferreira,4673.19,2024-05-17,1
352,João Silva,4848.16,2024-08-24,3
353,Carlos Ribeiro,1384.66,2024-01-05,1
354,José Santos,3749.3,2024-01-18,1
355,Luiz Souza,795.58,2024-12-20,2
356,Maria Almeida,4615.75,2024-12-22,1
357,Carlos Souza,4242.02,2024-02-09,2
358,José Santos,460.64,2024-03-25,1
359,Ana Ferreira,641.0,2024-03-23,1
360,Lucas Souza,1968.56,2024-12-01,3
361,Paula Costa,930.88,2024-04-07,3
362,Luiz Pereira,4466.97,2024-09-28,1
363,João Almeida,2092.77,2024-11-23,3
364,Fernanda Ribeiro,1242.71,2024-07-07,1
365,Carlos Souza,4156.43,2024-02-02,1
366,João Pereira,2548.35,2024-06-10,1
367,Maria Ferreira,3361.49,2024-05-31,2
368,José Ferreira,4300.87,2024-07-06,2
369,Lucas Souza,2434.85,2024-09-24,3
370,Fernanda Ferreira,4505.29,2024-06-14,2
371,Gabriela Ferreira,3384.79,2024-10-31,3
372,Luiz Almeida,2698.37,2024-10-25,2
373,Carlos Ferreira,3445.32,2024-02-23,1
374,Luiz Santos,2520.2,2024-11-20,2
375,Gabriela Oliveira,3135.0,2024-09-10,2
376,João Ribeiro,2222.26,2024-09-24,2
377,Gabriela Silva,3121.34,2024-07-29,2
378,Paula Silva,4091.83,2024-06-10,1
379,José Santos,791.84,2024-07-15,3
380,Maria Pereira,1085.12,2024-01-26,3
381,Lucas Gomes,1227.22,2024-09-19,1
382,Luiz Souza,4289.78,2024-01-19,1
383,Ana Santos,638.97,2024-01-06,2
384,José Costa,1988.58,2024-07-21,3
385,Paula Gomes,961.36,2024-03-18,2
386,Lucas Ferreira,1849.48,2024-12-31,2
387,Paula Costa,4598.89,2024-04-09,2
388,João Pereira,2511.47,2024-07-24,3
389,João Pereira,4087.67,2024-10-10,2
390,Paula Almeida,401.83,2024-08-11,2
391,Fernanda Almeida,793.05,2024-10-25,3
392,José Ribeiro,1198.95,2024-04-14,3
393,Ana Oliveira,773.59,2024-11-07,2
394,João Souza,3902.53,2024-08-03,2
395,Luiz Ferreira,2759.39,2024-03-11,2
396,José Costa,3440.74,2024-08-03,2
397,Maria Ribeiro,2859.23,2024-11-19,1
398,Fernanda Ferreira,4864.57,2024-04-06,1
399,Fernanda Silva,4236.46,2024-03-30,3
400,João Costa,1719.42,2024-11-10,1
401,José Ribeiro,3545.04,2024-07-18,2
402,Carlos Ferreira,2626.34,2024-04-28,1
403,Lucas Costa,465.55,2024-07-01,3
404,Luiz Souza,570.72,2024-08-31,2
405,Carlos Ferreira,622.82,2024-07-26,3
406,Paula Oliveira,1188.7,2024-02-12,1
407,Lucas Gomes,2526.16,2024-03-15,1
408,Carlos Pereira,1592.33,2024-10-05,1
409,Maria Almeida,3818.58,2024-08-03,2
410,Carlos Santos,3758.97,2024-04-21,2
411,Luiz Silva,1445.17,2024-12-25,1
412,Fernanda Silva,4118.61,2024-05-11,2
413,Fernanda Almeida,611.8,2024-04-23,2
414,Luiz Ferreira,2176.91,2024-06-09,2
415,José Souza,3218.44,2024-03-19,3
416,Fernanda Gomes,692.74,2024-07-23,1
417,Lucas Costa,689.25,2024-10-03,1
418,Gabriela Pereira,2435.51,2024-07-11,3
419,Fernanda Ferreira,1640.89,2024-03-30,3
420,José Almeida,1431.29,2024-06-17,3
421,Fernanda Gomes,2788.28,2024-03-22,2
422,João Costa,4374.81,2024-09-11,3
423,João Costa,3207.6,2024-03-14,2
424,Gabriela Almeida,4303.43,2024-07-01,1
425,João Oliveira,1038.35,2024-01-13,3
426,Maria Ribeiro,3740.14,2024-12-06,3
427,Gabriela Almeida,608.25,2024-06-07,3
428,Carlos Almeida,4232.74,2024-05-22,1
429,Carlos Gomes,2182.37,2024-09-22,1
430,João Silva,4116.84,2024-03-18,2
431,João Almeida,1996.48,2024-10-20,3
432,Paula Santos,954.08,2024-12-04,1
433,Lucas Pereira,3722.65,2024-12-29,3
434,Fernanda Silva,627.06,2024-07-16,1
435,João Santos,4155.81,2024-05-13,3
436,Carlos Gomes,4335.22,2024-06-25,1
437,Paula Santos,3410.04,2024-04-22,3
438,João Ribeiro,3438.87,2024-05-02,1
439,Fernanda Santos,4568.02,2024-04-06,2
440,Ana Oliveira,178.14,2024-10-24,1
441,José Ferreira,4480.62,2024-04-09,1
442,José Oliveira,464.8,2024-03-22,1
443,Lucas Silva,1232.41,2024-07-02,3
444,Fernanda Ribeiro,1449.21,2024-06-09,1
445,José Ribeiro,3250.04,2024-08-09,3
446,Luiz Pereira,915.3,2024-01-14,1
447,Ana Ferreira,204.5,2024-11-28,1
448,Maria Gomes,4309.29,2024-06-26,1
449,Ana Ferreira,4291.41,2024-12-28,3
450,Ana Pereira,3916.63,2024-08-24,3
451,Maria Santos,4915.34,2024-12-31,1
452,Luiz Almeida,1212.81,2024-08-24,3
453,Gabriela Costa,3465.59,2024-01-13,2
454,José Ribeiro,1634.87,2024-10-22,2
455,João Ribeiro,2362.99,2024-06-26,3
456,João Costa,1766.89,2024-09-29,1
457,Carlos Gomes,4743.11,2024-07-04,2
458,Luiz Santos,1399.87,2024-01-22,1
459,Carlos Costa,3649.49,2024-12-20,3
460,Fernanda Gomes,1348.6,2024-03-09,2
461,Luiz Souza,3921.77,2024-06-08,3
462,Ana Costa,4832.88,2024-09-06,1
463,Maria Oliveira,4287.6,2024-10-12,3
464,Ana Souza,4744.36,2024-12-17,2
465,José Pereira,4981.17,2024-07-11,1
466,Ana Souza,1518.32,2024-01-03,3
467,Luiz Pereira,1113.27,2024-06-24,2
468,Ana Almeida,4664.15,2024-07-15,2
469,João Silva,4048.63,2024-05-31,1
470,Ana Gomes,3282.79,2024-09-02,3
471,Carlos Souza,4689.63,2024-06-17,2
472,Carlos Oliveira,2416.83,2024-06-03,2
473,Ana Oliveira,4237.95,2024-02-27,2
474,Gabriela Almeida,2552.09,2024-05-18,2
475,Maria Souza,2332.39,2024-10-19,2
476,José Costa,864.09,2024-04-14,2
477,José Almeida,3304.71,2024-06-04,3
478,José Pereira,1021.93,2024-07-13,2
479,José Ribeiro,4778.0,2024-10-05,2
480,Ana Silva,4405.91,2024-09-21,2
481,Fernanda Oliveira,1775.71,2024-09-13,1
482,Lucas Oliveira,2612.68,2024-05-17,1
483,Paula Almeida,4373.74,2024-02-27,3
484,Paula Ferreira,4205.67,2024-01-09,2
485,Carlos Pereira,2502.99,2024-04-11,2
486,Maria Santos,4570.09,2024-07-23,2
487,Maria Gomes,4705.24,2024-05-27,2
488,José Gomes,1661.66,2024-02-28,2
489,Carlos Pereira,4335.34,2024-01-24,3
490,Maria Gomes,760.37,2024-12-27,3
491,José Santos,1713.09,2024-04-20,1
492,Fernanda Ribeiro,4000.18,2024-07-24,1
493,Lucas Ferreira,2369.19,2024-07-23,3
494,João Pereira,516.1,2024-06-25,3
495,Fernanda Ferreira,4740.12,2024-03-17,3
496,João Santos,1042.31,2024-06-25,3
497,Ana Ferreira,3990.19,2024-08-13,2
498,Gabriela Santos,4474.4,2024-01-20,1
499,José Santos,4757.17,2024-09-25,3
500,Gabriela Gomes,334.65,2024-04-28,3
501,Paula Ribeiro,772.55,2024-03-01,1
502,Lucas Ribeiro,2470.06,2024-11-23,3
503,João Ribeiro,4576.06,2024-08-11,3
504,José Ribeiro,4464.86,2024-08-26,2
505,Gabriela Almeida,505.65,2024-03-29,2
506,Carlos Silva,1748.34,2024-02-02,3
507,João Silva,4718.36,2024-09-28,2
508,Fernanda Pereira,1264.33,2024-01-01,1
509,José Oliveira,3240.33,2024-08-23,3
510,João Silva,4816.25,2024-04-21,3
511,Luiz Pereira,3653.55,2024-10-29,3
512,João Costa,637.87,2024-01-12,2
513,Fernanda Ribeiro,3143.56,2024-05-02,2
514,Lucas Almeida,404.74,2024-06-21,3
515,Paula Silva,677.6,2024-06-11,2
516,Carlos Ribeiro,4497.26,2024-03-15,2
517,Carlos Almeida,2073.06,2024-02-01,3
518,Paula Santos,3617.36,2024-08-22,2
519,Fernanda Costa,1988.99,2024-05-17,1
520,Luiz Ferreira,3994.13,2024-11-08,2
521,Ana Silva,2144.63,2024-09-15,1
522,Luiz Santos,4302.32,2024-01-20,3
523,Gabriela Pereira,4541.05,2024-03-19,1
524,Luiz Souza,1077.94,2024-05-30,3
525,Gabriela Ribeiro,2078.39,2024-02-10,3
526,Paula Almeida,2090.96,2024-05-27,2
527,Gabriela Almeida,1090.31,2024-03-29,2
528,Paula Gomes,1971.76,2024-06-20,2
529,Carlos Silva,4676.94,2024-06-26,3
530,Maria Pereira,2932.29,2024-11-09,3
531,João Gomes,4985.49,2024-11-27,3
532,Maria Costa,2506.21,2024-02-23,3
533,Maria Santos,4027.75,2024-08-31,1
534,José Almeida,2372.17,2024-01-11,1
535,Gabriela Souza,4143.32,2024-04-14,1
536,Maria Ferreira,812.01,2024-12-28,1
537,Fernanda Gomes,1926.35,2024-04-27,1
538,Gabriela Silva,2130.46,2024-10-13,2
539,Gabriela Ferreira,4820.83,2024-11-20,1
540,João Almeida,3024.09,2024-12-10,2
541,Fernanda Costa,2405.36,2024-03-23,3
542,João Costa,1670.66,2024-12-23,2
543,Gabriela Almeida,1229.28,2024-06-28,3
544,Paula Almeida,3919.63,2024-01-24,3
545,Luiz Santos,623.86,2024-06-06,1
546,Lucas Pereira,3808.68,2024-02-20,2
547,Gabriela Ribeiro,3563.45,2024-11-25,2
548,Paula Santos,3701.41,2024-04-06,1
549,Ana Silva,2538.06,2024-12-21,1
550,Lucas Souza,3705.87,2024-04-06,2
551,Luiz Gomes,3928.42,2024-06-07,2
552,Paula Pereira,1851.2,2024-05-20,3
553,Lucas Santos,300.98,2024-06-08,1
554,João Santos,2263.79,2024-09-02,1
555,Luiz Costa,4905.5,2024-09-26,3
556,Luiz Souza,2185.96,2024-09-18,1
557,Gabriela Ferreira,397.6,2024-04-14,1
558,João Ribeiro,3085.37,2024-10-02,2
559,Carlos Ferreira,1577.92,2024-04-19,3
560,José Souza,1302.78,2024-08-21,1
561,Lucas Pereira,4045.6,2024-09-15,2
562,Ana Almeida,2740.65,2024-10-06,3
563,José Ferreira,4951.1,2024-06-10,2
564,Lucas Oliveira,2658.74,2024-11-09,1
565,Gabriela Costa,2634.49,2024-04-25,2
566,Ana Oliveira,1440.28,2024-05-27,1
567,Ana Gomes,2908.83,2024-09-12,1
568,Gabriela Gomes,696.01,2024-01-14,2
569,José Santos,3673.78,2024-12-30,2
570,Paula Costa,3841.54,2024-09-23,3
571,Gabriela Ferreira,600.05,2024-07-04,3
572,Carlos Souza,4225.94,2024-05-09,2
573,Gabriela Silva,4148.64,2024-03-02,2
574,José Santos,237.99,2024-07-21,1
575,Ana Ferreira,2807.71,2024-03-06,1
576,Maria Santos,4269.56,2024-01-28,3
577,Luiz Souza,501.05,2024-09-07,3
578,Carlos Souza,2846.36,2024-04-29,3
579,Lucas Oliveira,2004.97,2024-01-29,2
580,Maria Silva,3852.04,2024-07-05,3
581,Gabriela Souza,2320.58,2024-10-07,1
582,Gabriela Gomes,414.56,2024-07-11,2
583,Ana Souza,2197.64,2024-07-10,1
584,Fernanda Costa,241.84,2024-03-19,3
585,João Ferreira,1498.58,2024-12-14,3
586,Fernanda Ribeiro,1935.46,2024-12-12,2
587,Gabriela Almeida,4580.55,2024-04-27,3
588,Maria Ribeiro,4258.07,2024-11-13,2
589,José Santos,3937.18,2024-04-10,3
590,José Almeida,4511.11,2024-03-30,1
591,José Santos,274.99,2024-02-06,3
592,Paula Ferreira,131.44,2024-11-26,3
593,Luiz Oliveira,1965.34,2024-05-10,1
594,Ana Almeida,547.07,2024-02-22,1
595,Paula Almeida,1584.55,2024-08-08,1
596,Luiz Silva,2836.88,2024-05-18,3
597,Ana Ferreira,4681.05,2024-02-20,2
598,José Pereira,2798.82,2024-04-30,2
599,José Ferreira,1513.72,2024-11-28,3
600,José Ferreira,3634.55,2024-11-12,1
601,Ana Oliveira,2889.01,2024-01-21,3
602,Ana Ribeiro,2637.76,2024-12-27,1
603,Fernanda Pereira,715.67,2024-03-20,3
604,Ana Almeida,668.89,2024-04-27,1
605,Carlos Ferreira,2939.95,2024-02-02,3
606,Carlos Ferreira,2975.3,2024-07-01,1
607,Gabriela Almeida,4094.75,2024-03-25,2
608,Paula Pereira,3007.83,2024-11-30,2
609,João Ribeiro,928.49,2024-05-17,3
610,Carlos Almeida,3740.87,2024-02-22,2
611,Luiz Almeida,4837.48,2024-03-25,3
612,João Ribeiro,2370.63,2024-08-23,3
613,José Costa,3127.56,2024-07-02,1
614,Fernanda Santos,755.72,2024-04-15,2
615,Gabriela Silva,4419.14,2024-02-26,1
616,Ana Costa,2005.37,2024-05-24,2
617,Maria Almeida,3407.75,2024-09-16,2
618,Luiz Costa,2217.66,2024-12-24,3
619,Carlos Souza,971.12,2024-10-10,1
620,José Oliveira,969.94,2024-09-03,1
621,Carlos Oliveira,2119.21,2024-02-06,2
622,João Ferreira,2458.23,2024-07-19,3
623,Fernanda Costa,295.97,2024-07-25,2
624,Luiz Gomes,3520.81,2024-02-15,3
625,Ana Santos,464.17,2024-10-16,3
626,Ana Pereira,1739.19,2024-12-10,2
627,Paula Santos,4933.8,2024-05-10,2
628,Maria Pereira,2336.23,2024-12-10,3
629,João Gomes,3844.99,2024-08-21,2
630,João Ribeiro,4063.09,2024-08-29,3
631,Carlos Oliveira,4919.68,2024-09-20,3
632,Gabriela Pereira,4501.36,2024-04-24,3
633,Fernanda Silva,4557.18,2024-06-15,2
634,Luiz Costa,718.83,2024-03-23,3
635,Paula Costa,2656.94,2024-03-08,2
636,João Oliveira,3732.16,2024-08-06,3
637,Ana Pereira,4394.83,2024-08-02,3
638,Fernanda Oliveira,3371.88,2024-03-05,1
639,Paula Gomes,4857.53,2024-03-09,2
640,José Almeida,4373.7,2024-04-28,2
641,Maria Oliveira,2510.47,2024-02-25,2
642,Fernanda Ribeiro,4488.44,2024-11-08,2
643,Gabriela Santos,4636.49,2024-12-09,2
644,Lucas Ribeiro,2024.94,2024-07-22,2
645,Paula Gomes,4537.65,2024-10-29,2
646,Paula Costa,934.94,2024-08-06,1
647,Lucas Gomes,4214.13,2024-03-21,1
648,Fernanda Gomes,4952.05,2024-05-04,1
649,Luiz Gomes,2233.67,2024-04-03,2
650,Ana Ferreira,1620.86,2024-05-14,1
651,Maria Almeida,3054.42,2024-01-23,2
652,Gabriela Almeida,2020.01,2024-01-31,1
653,Ana Ferreira,2961.17,2024-12-12,3
654,Lucas Silva,1783.27,2024-11-29,3
655,Maria Oliveira,3183.32,2024-06-02,2
656,José Santos,1485.93,2024-02-03,3
657,Lucas Santos,2303.69,2024-04-23,3
658,Lucas Silva,1893.54,2024-05-18,1
659,Ana Souza,3309.47,2024-03-03,3
660,Paula Almeida,1846.13,2024-04-01,2
661,José Pereira,2619.35,2024-08-19,3
662,Carlos Souza,3366.75,2024-05-03,2
663,Carlos Ferreira,4396.57,2024-12-05,1
664,Lucas Ribeiro,1545.99,2024-12-31,2
665,Luiz Ferreira,147.66,2024-04-17,3
666,Paula Costa,2717.96,2024-08-07,3
667,Fernanda Santos,3028.5,2024-10-13,2
668,Luiz Santos,272.98,2024-01-20,1
669,Gabriela Ferreira,656.13,2024-11-03,2
670,Gabriela Ferreira,1007.3,2024-07-29,2
671,Lucas Souza,4086.28,2024-06-25,3
672,Gabriela Almeida,2043.71,2024-02-26,1
673,Fernanda Ferreira,1125.76,2024-03-25,2
674,Ana Pereira,1371.26,2024-03-14,2
675,Luiz Ferreira,2802.48,2024-02-29,1
676,Carlos Souza,1740.7,2024-11-06,2
677,Gabriela Souza,2022.33,2024-05-20,2
678,Lucas Souza,1319.92,2024-07-29,3
679,Luiz Ribeiro,1623.43,2024-11-30,2
680,Carlos Almeida,1442.46,2024-06-20,3
681,Carlos Ferreira,4748.75,2024-10-05,3
682,Lucas Pereira,1001.62,2024-01-19,2
683,Carlos Almeida,3096.61,2024-02-24,2
684,Maria Ferreira,1836.96,2024-01-30,3
685,Paula Souza,397.35,2024-10-14,2
686,Ana Ferreira,3090.87,2024-09-29,2
687,José Souza,2340.04,2024-06-13,1
688,João Pereira,4729.6,2024-06-10,2
689,Fernanda Ferreira,1132.41,2024-02-16,1
690,José Gomes,3780.76,2024-12-08,2
691,Gabriela Almeida,937.21,2024-10-14,1
692,Gabriela Ferreira,2014.06,2024-03-09,2
693,Ana Pereira,1065.86,2024-12-21,1
694,Lucas Santos,3697.96,2024-06-28,3
695,Ana Silva,3508.95,2024-06-22,3
696,Carlos Oliveira,1417.29,2024-08-07,1
697,Lucas Almeida,1327.9,2024-08-02,3
698,Luiz Ribeiro,1447.45,2024-01-25,1
699,Lucas Oliveira,1771.14,2024-12-25,3
700,José Silva,425.84,2024-12-29,1
701,Carlos Costa,3628.08,2024-03-25,3
702,Luiz Gomes,1172.73,2024-03-31,2
703,Paula Pereira,1433.81,2024-02-16,2
704,Paula Silva,3681.69,2024-09-24,2
705,Paula Costa,2855.89,2024-05-20,3
706,Paula Gomes,1361.75,2024-04-07,2
707,Luiz Pereira,3254.53,2024-01-19,1
708,Ana Ribeiro,2307.29,2024-04-09,3
709,Lucas Ribeiro,3641.63,2024-10-11,1
710,Paula Oliveira,3967.04,2024-10-16,2
711,Fernanda Costa,189.98,2024-06-08,2
712,Ana Gomes,756.63,2024-01-18,2
713,Maria Ferreira,2173.98,2024-08-10,1
714,Gabriela Souza,3272.83,2024-04-06,2
715,José Almeida,4535.96,2024-12-12,3
716,Carlos Almeida,2664.92,2024-07-03,3
717,João Pereira,440.24,2024-06-02,2
718,Gabriela Silva,862.92,2024-09-30,1
719,Lucas Almeida,3178.71,2024-09-10,1
720,Lucas Ferreira,1534.11,2024-11-29,1
721,João Pereira,3077.96,2024-04-26,1
722,Paula Souza,647.75,2024-08-09,1
723,Luiz Ribeiro,3432.08,2024-08-22,1
724,Fernanda Oliveira,2561.97,2024-02-17,1
725,Carlos Almeida,3594.56,2024-03-09,2
726,Luiz Silva,1989.75,2024-05-25,1
727,João Almeida,1361.09,2024-04-13,2
728,Ana Almeida,4748.13,2024-03-23,1
729,Carlos Oliveira,2711.46,2024-04-16,1
730,Carlos Costa,505.65,2024-03-05,3
731,Carlos Santos,4114.05,2024-11-25,2
732,Paula Ribeiro,3255.14,2024-04-15,3
733,Gabriela Almeida,2236.19,2024-01-24,1
734,Fernanda Ferreira,2291.58,2024-12-03,3
735,Fernanda Santos,1118.2,2024-05-12,1
736,João Ferreira,222.65,2024-02-13,2
737,Carlos Silva,3676.71,2024-03-03,2
738,Gabriela Pereira,3169.62,2024-11-27,1
739,Paula Silva,3582.95,2024-12-17,1
740,Ana Oliveira,2571.82,2024-09-01,1
741,Maria Silva,2751.82,2024-05-14,1
742,José Costa,621.9,2024-09-27,1
743,Carlos Costa,400.77,2024-09-06,1
744,João Pereira,882.4,2024-03-06,2
745,Gabriela Pereira,4881.5,2024-11-28,3
746,Paula Gomes,695.61,2024-05-19,3
747,João Ribeiro,4772.59,2024-12-20,2
748,João Gomes,2576.75,2024-07-05,2
749,João Souza,2150.37,2024-11-04,1
750,Gabriela Almeida,2613.52,2024-08-15,1
751,João Almeida,1201.51,2024-12-12,2
752,Carlos Souza,1106.8,2024-05-18,3
753,João Almeida,3382.76,2024-05-26,1
754,Maria Pereira,2530.33,2024-10-14,3
755,Fernanda Santos,3352.0,2024-08-26,2
756,Maria Ribeiro,4108.99,2024-12-13,3
757,Gabriela Ribeiro,4174.53,2024-11-22,2
758,José Almeida,367.74,2024-10-13,1
759,Paula Almeida,3265.99,2024-04-21,3
760,Lucas Gomes,3815.53,2024-04-24,3
761,Maria Costa,3012.15,2024-09-04,1
762,Carlos Santos,2284.47,2024-05-09,1
763,Lucas Ribeiro,2640.22,2024-06-22,3
764,Paula Ribeiro,512.8,2024-10-26,1
765,José Gomes,4453.15,2024-07-02,2
766,Maria Silva,2704.04,2024-08-07,2
767,Luiz Gomes,4918.0,2024-03-02,1
768,Maria Silva,2728.97,2024-05-25,1
769,João Pereira,4837.52,2024-06-12,2
770,Gabriela Santos,392.68,2024-04-18,1
771,Luiz Gomes,4167.63,2024-05-27,1
772,João Ferreira,2578.32,2024-04-28,3
773,Maria Ribeiro,1959.75,2024-07-16,1
774,Paula Souza,4100.14,2024-04-04,3
775,Carlos Ribeiro,699.81,2024-04-09,3
776,Ana Silva,2598.23,2024-07-28,3
777,Fernanda Pereira,1829.34,2024-06-19,2
778,Gabriela Pereira,4414.18,2024-12-31,2
779,Luiz Pereira,2584.42,2024-07-19,2
780,Maria Gomes,516.19,2024-01-17,1
781,Luiz Costa,3923.35,2024-09-10,3
782,José Oliveira,939.04,2024-10-22,1
783,Ana Silva,2338.59,2024-06-18,1
784,Paula Souza,2464.88,2024-10-30,1
785,Ana Silva,1804.96,2024-07-18,1
786,José Almeida,2993.11,2024-07-17,3
787,Fernanda Souza,2726.87,2024-09-09,1
788,Gabriela Oliveira,3109.86,2024-04-25,3
789,Lucas Souza,2954.53,2024-07-26,1
790,Lucas Almeida,1793.56,2024-12-13,1
791,Gabriela Almeida,3240.28,2024-02-05,2
792,Gabriela Almeida,4996.21,2024-11-20,3
793,Fernanda Pereira,4386.19,2024-12-01,1
794,Lucas Santos,3666.14,2024-10-01,1
795,Gabriela Santos,1120.07,2024-04-13,3
796,Maria Pereira,193.07,2024-07-26,3
797,Ana Silva,4494.01,2024-07-22,2
798,Luiz Silva,518.31,2024-02-21,3
799,Luiz Almeida,1999.8,2024-02-03,1
800,Lucas Silva,4916.69,2024-07-13,2
801,Maria Costa,1699.95,2024-09-14,3
802,Carlos Silva,3094.9,2024-05-23,3
803,Paula Ferreira,207.07,2024-09-22,2
804,Gabriela Costa,3865.72,2024-10-17,3
805,Luiz Costa,2706.27,2024-11-29,3
806,Luiz Souza,1165.7,2024-10-21,3
807,Maria Costa,4928.87,2024-08-11,3
808,Maria Ribeiro,2632.7,2024-10-25,2
809,Ana Almeida,1169.04,2024-12-01,3
810,Gabriela Ribeiro,1244.85,2024-04-23,1
811,Luiz Ribeiro,1927.53,2024-12-09,2
812,Lucas Ribeiro,209.07,2024-11-14,1
813,Luiz Oliveira,2849.06,2024-08-06,1
814,Ana Santos,388.19,2024-05-23,3
815,Fernanda Ferreira,4262.16,2024-07-15,2
816,Carlos Costa,1075.13,2024-10-12,2
817,José Oliveira,1136.01,2024-02-08,1
818,Ana Ribeiro,2839.48,2024-09-30,2
819,Ana Ferreira,518.02,2024-09-05,1
820,Fernanda Ribeiro,4280.75,2024-08-10,3
821,Lucas Pereira,1610.21,2024-09-10,3
822,Carlos Pereira,4768.17,2024-01-08,3
823,Gabriela Souza,2209.28,2024-05-14,3
824,Carlos Costa,2015.34,2024-12-30,3
825,Maria Silva,2360.59,2024-02-12,1
826,Maria Silva,1147.15,2024-01-02,2
827,João Santos,2618.29,2024-10-16,2
828,Gabriela Almeida,4464.8,2024-03-02,3
829,Ana Pereira,4374.16,2024-07-23,2
830,Paula Almeida,2987.45,2024-12-22,3
831,Carlos Pereira,4742.63,2024-05-22,3
832,José Ferreira,4649.29,2024-06-25,3
833,Lucas Costa,1742.1,2024-12-07,2
834,Ana Pereira,797.17,2024-02-02,3
835,Gabriela Oliveira,931.24,2024-08-03,2
836,Gabriela Almeida,4598.1,2024-04-03,3
837,Ana Silva,592.88,2024-09-03,1
838,Luiz Ribeiro,1101.46,2024-09-29,2
839,Gabriela Ferreira,4122.59,2024-03-30,2
840,José Souza,1063.12,2024-07-19,3
841,Carlos Costa,2327.33,2024-01-11,2
842,Paula Gomes,376.92,2024-04-29,2
843,José Almeida,4893.01,2024-05-09,1
844,Gabriela Almeida,336.95,2024-01-27,1
845,Fernanda Souza,718.1,2024-03-01,2
846,Lucas Santos,853.67,2024-08-10,1
847,Maria Silva,2728.75,2024-02-06,3
848,José Pereira,1310.08,2024-03-25,3
849,Maria Souza,322.55,2024-12-03,1
850,Gabriela Souza,1749.71,2024-01-28,3
851,Paula Ferreira,4075.36,2024-02-03,3
852,Fernanda Souza,140.4,2024-10-30,3
853,Luiz Costa,1490.45,2024-09-13,2
854,Carlos Santos,3898.19,2024-03-21,1
855,Luiz Santos,918.01,2024-04-13,3
856,José Oliveira,3757.62,2024-04-25,2
857,Ana Ribeiro,380.24,2024-05-14,1
858,Maria Ribeiro,4574.28,2024-09-10,1
859,Carlos Santos,1508.58,2024-08-17,1
860,Lucas Pereira,4422.6,2024-09-09,3
861,Paula Oliveira,4027.06,2024-02-12,1
862,Gabriela Almeida,4107.68,2024-08-22,1
863,Maria Souza,722.32,2024-12-25,1
864,Carlos Costa,3047.7,2024-03-17,3
865,Lucas Silva,3033.59,2024-05-11,2
866,Lucas Almeida,2368.07,2024-09-14,2
867,Paula Ribeiro,1180.56,2024-03-19,1
868,Luiz Pereira,543.3,2024-09-28,2
869,Carlos Ribeiro,4147.99,2024-08-31,3
870,Fernanda Oliveira,2122.8,2024-01-20,1
871,Fernanda Pereira,3568.69,2024-06-23,1
872,Paula Silva,2253.15,2024-07-20,1
873,Maria Costa,1388.64,2024-04-13,1
874,José Ferreira,3587.83,2024-11-04,1
875,Maria Ferreira,4117.74,2024-03-28,1
876,Fernanda Costa,211.37,2024-04-04,3
877,Paula Gomes,872.77,2024-09-29,2
878,Carlos Oliveira,2459.67,2024-09-03,2
879,Paula Souza,1080.87,2024-08-17,1
880,Fernanda Gomes,452.99,2024-03-12,3
881,Carlos Oliveira,3303.92,2024-11-20,1
882,Maria Silva,3835.01,2024-07-16,3
883,Lucas Pereira,2163.68,2024-04-22,3
884,Carlos Silva,2596.3,2024-09-05,1
885,Gabriela Souza,1689.48,2024-04-22,1
886,Luiz Souza,2944.15,2024-12-09,1
887,Fernanda Almeida,3506.4,2024-09-04,3
888,Fernanda Pereira,317.25,2024-06-05,2
889,Ana Oliveira,4570.17,2024-05-31,2
890,João Silva,3710.94,2024-02-06,1
891,Ana Almeida,3665.08,2024-06-02,2
892,Ana Almeida,2470.42,2024-06-30,3
893,José Almeida,4971.44,2024-01-26,1
894,Carlos Oliveira,2964.25,2024-03-13,3
895,Ana Silva,2680.82,2024-07-08,1
896,Fernanda Ferreira,1398.93,2024-02-02,1
897,Luiz Almeida,722.51,2024-11-27,3
898,Luiz Oliveira,2506.45,2024-05-20,3
899,Lucas Santos,1362.67,2024-04-04,1
900,Luiz Santos,288.47,2024-08-18,2
901,João Almeida,4666.14,2024-03-16,3
902,Carlos Pereira,2277.26,2024-05-29,3
903,João Pereira,1807.46,2024-01-18,1
904,Paula Souza,4141.05,2024-08-04,2
905,José Almeida,4759.59,2024-07-29,2
906,João Costa,2633.04,2024-10-27,2
907,Carlos Oliveira,346.52,2024-04-29,1
908,Luiz Almeida,4734.57,2024-11-01,3
909,Luiz Ferreira,2951.39,2024-11-26,3
910,Carlos Santos,1719.95,2024-11-14,3
911,Paula Santos,4715.83,2024-11-18,1
912,Carlos Gomes,4358.1,2024-09-21,1
913,Paula Gomes,560.34,2024-12-10,1
914,Paula Souza,522.62,2024-04-28,2
915,João Santos,3576.92,2024-08-06,3
916,José Gomes,3125.74,2024-12-07,2
917,Paula Santos,4971.81,2024-03-01,1
918,Paula Oliveira,3222.19,2024-12-01,2
919,Gabriela Pereira,3848.43,2024-04-05,2
920,Lucas Pereira,2471.93,2024-05-23,2
921,João Almeida,4209.17,2024-06-30,2
922,Maria Souza,311.06,2024-11-23,3
923,Gabriela Pereira,258.08,2024-09-10,3
924,Lucas Silva,2515.04,2024-06-18,2
925,Carlos Souza,1059.47,2024-07-13,2
926,Gabriela Gomes,522.23,2024-04-21,1
927,Ana Souza,2966.19,2024-04-12,1
928,Gabriela Oliveira,2011.85,2024-01-25,1
929,Luiz Costa,682.44,2024-07-10,1
930,Lucas Ferreira,1343.05,2024-08-19,1
931,José Santos,2027.62,2024-06-01,1
932,Luiz Ferreira,2785.1,2024-04-09,2
933,Fernanda Gomes,412.76,2024-11-04,1
934,Lucas Oliveira,2472.57,2024-06-06,3
935,João Ribeiro,462.75,2024-12-01,2
936,José Gomes,1797.05,2024-01-02,1
937,Lucas Silva,2770.94,2024-06-10,3
938,Lucas Ferreira,1694.41,2024-05-02,3
939,José Ribeiro,3801.54,2024-08-20,3
940,Carlos Almeida,1233.59,2024-10-13,3
941,Carlos Oliveira,3546.74,2024-02-24,1
942,Maria Pereira,748.77,2024-09-28,2
943,Carlos Pereira,1150.85,2024-12-04,2
944,Ana Ferreira,1187.96,2024-09-08,1
945,Paula Gomes,2632.89,2024-09-18,2
946,Paula Ribeiro,808.5,2024-02-20,2
947,Luiz Ferreira,4624.75,2024-11-05,1
948,Ana Santos,1696.06,2024-10-09,2
949,Paula Ferreira,3507.2,2024-08-09,3
950,Gabriela Gomes,4288.98,2024-08-02,2
951,Fernanda Santos,1750.08,2024-07-29,3
952,Luiz Santos,2643.59,2024-05-14,3
953,Ana Ribeiro,1541.2,2024-02-10,3
954,Fernanda Souza,3548.36,2024-02-16,3
955,Ana Silva,4543.99,2024-11-22,3
956,Maria Souza,2548.54,2024-03-24,2
957,José Ferreira,4194.75,2024-07-08,2
958,Lucas Ferreira,3972.11,2024-04-16,2
959,Fernanda Ferreira,4317.65,2024-07-23,1
960,José Souza,2045.97,2024-06-21,2
961,João Almeida,2750.53,2024-08-09,1
962,Maria Ribeiro,3873.55,2024-01-24,3
963,Lucas Souza,122.74,2024-07-14,1
964,Maria Almeida,2194.46,2024-11-01,3
965,Carlos Souza,2993.26,2024-07-04,2
966,Maria Pereira,2966.72,2024-02-18,1
967,Maria Oliveira,2742.14,2024-08-09,3
968,Maria Souza,2733.54,2024-08-25,3
969,Lucas Almeida,275.69,2024-05-06,3
970,João Souza,3109.71,2024-12-19,3
971,João Oliveira,4969.08,2024-04-09,3
972,Gabriela Ferreira,3419.74,2024-04-18,3
973,Carlos Ferreira,4661.24,2024-07-02,1
974,Lucas Pereira,2498.7,2024-12-15,1
975,Fernanda Santos,754.87,2024-11-04,3
976,Fernanda Oliveira,421.09,2024-09-06,1
977,Lucas Oliveira,188.54,2024-08-15,2
978,Lucas Gomes,328.77,2024-11-26,3
979,Fernanda Almeida,507.86,2024-07-30,1
980,Gabriela Pereira,4449.35,2024-05-31,2
981,Paula Silva,2193.25,2024-01-16,3
982,Gabriela Ribeiro,4461.58,2024-11-02,3
983,Carlos Silva,4134.82,2024-04-18,1
984,João Ribeiro,901.21,2024-09-13,2
985,José Costa,743.48,2024-02-17,1
986,Lucas Oliveira,1743.05,2024-12-03,1
987,José Santos,1148.86,2024-09-22,3
988,Fernanda Oliveira,3166.45,2024-12-19,1
989,Gabriela Santos,4602.86,2024-05-18,2
990,Fernanda Santos,2731.66,2024-10-03,3
991,João Gomes,4212.69,2024-07-25,1
992,Paula Santos,4247.38,2024-09-05,2
993,Fernanda Costa,2632.31,2024-09-28,2
994,Carlos Ferreira,4950.85,2024-10-03,1
995,Carlos Gomes,1402.14,2024-03-26,3
996,Paula Almeida,488.9,2024-10-16,1
997,Maria Ribeiro,1648.52,2024-08-17,2
998,Gabriela Ferreira,4139.46,2024-03-25,3
999,José Ribeiro,400.89,2024-12-10,2
1000,Fernanda Silva,1859.78,2024-03-08,1
